57.Seconds.2023.WEB-DL.2160p.SDR.ELEKTRI4KA.UNIONGANG.mkv,57 seconds
57.Seconds.2023.WEB-DL.2160p.SDR.ELEKTRI4KA.UNIONGANG.mkv (9160748189 bytes),57 seconds
Agneepath 2012 Hindi 1080p BluRay x264 DD 5.1 MSubs - LOKiHD - Telly,Agneepath
Agneepath 2012 Hindi 1080p BluRay x264 DD 5.1 MSubs - LOKiHD - Telly.mkv (5552775350 bytes),Agneepath
Avatar.The.Way.of.Water.2022.REPACK.FRENCH-ENG.1080p.WEBRip.H264.mkv,Avatar.The.Way.of.Water
Avatar.The.Way.of.Water.2022.REPACK.FRENCH-ENG.1080p.WEBRip.H264.mkv (7827295603 bytes),Avatar.The.Way.of.Water
Barbie (2023) [REPACK] [1080p] [WEBRip] [5.1] [YTS.MX],barbie
Barbie.2023.REPACK.1080p.WEBRip.x264.AAC5.1-[YTS.MX].mp4 (2257179375 bytes),barbie
Bhool Bhulaiyaa (2007) [1080p] [BluRay] [5.1] [YTS.MX],Bhool Bhulaiyaa
Bhool.Bhulaiyaa.2007.1080p.BluRay.x264.AAC5.1-[YTS.MX].mp4 (3064408925 bytes),Bhool Bhulaiyaa
Black Adam (2022) [REPACK] [1080p] [BluRay] [5.1] [YTS.MX],Black Adam
Black.Adam.2022.REPACK.1080p.BluRay.x264.AAC5.1-[YTS.MX].mp4 (2469985763 bytes),Black Adam
BlackBerry (2023) 2160p 4K BluRay 5.1-LAMA,BlackBerry
BlackBerry.2023.2160p.4K.BluRay.x265.10bit.AAC5.1-LAMA.mkv (5732794514 bytes),BlackBerry
BlackBerry.2023.BluRay.1080p.DTS-HD.MA.5.1.AVC.REMUX-FraMeSToR.mkv,BlackBerry
BlackBerry.2023.BluRay.1080p.DTS-HD.MA.5.1.AVC.REMUX-FraMeSToR.mkv (29117455657 bytes),BlackBerry
Blue Beetle (2023) [2160p] [4K] [WEB] [5.1] [YTS.MX],Blue Beetle
Blue.Beetle.2023.2160p.4K.WEB.x265.10bit.AAC5.1-[YTS.MX].mkv (6105452045 bytes),Blue Beetle
Coco Before Chanel (2009) 720p BluRay x264 -[MoviesFD],Coco Before Chanel
Coco.before.chanel.2009.720p.BluRay.x264.[MoviesFD].mkv (920456211 bytes),Coco Before Chanel
"Crazy, Stupid, Love.2011.BluRay-Remux(1080p).mkv","Crazy, Stupid, Love"
"Crazy, Stupid, Love.2011.BluRay-Remux(1080p).mkv (16522815716 bytes)","Crazy, Stupid, Love"
DC.League.Of.Super-Pets.2022.1080p.Bluray.Atmos.TrueHD.7.1.x264-EVO[TGx],DC.League.Of.Super-Pets
DC.League.Of.Super-Pets.2022.1080p.Bluray.Atmos.TrueHD.7.1.x264-EVO.mkv (13376182124 bytes),DC.League.Of.Super-Pets
De Dana Dan (2009) Hindi 1080p 10bit Bluray x265 HEVC DD 5.1 ESub ~ TombDoc.mkv,De Dana Dan
De Dana Dan (2009) Hindi 1080p 10bit Bluray x265 HEVC DD 5.1 ESub ~ TombDoc.mkv (3856838963 bytes),De Dana Dan
De De Pyaar De (2019) 1080p HS WEB-DL x264 AAC2.0 ESub - SP3LL.mkv,De De Pyaar De
De De Pyaar De (2019) 1080p HS WEB-DL x264 AAC2.0 ESub - SP3LL.mkv (2575706058 bytes),De De Pyaar De
Deep.Rising.1998.Bluray.1080p.DTS-HD.x264-Grym.mkv,Deep.Rising
Deep.Rising.1998.Bluray.1080p.DTS-HD.x264-Grym.mkv (14853741454 bytes),Deep.Rising
Dhoom (2004) Hindi (UHD 2160p BluRay SDR x265 10bit) - [Musafirboy].mkv,dhoom
Dhoom (2004) Hindi (UHD 2160p BluRay SDR x265 10bit) - [Musafirboy].mkv (5094016953 bytes),dhoom
Dhoom 2 (2006) [1080p] [WEBRip] [5.1] [YTS.MX],dhoom
Dhoom.2.2006.1080p.WEBRip.x264.AAC5.1-[YTS.MX].mp4 (3004637257 bytes),dhoom
Dune.2021.2160p.BluRay.REMUX.HEVC.DTS-HD.MA.TrueHD.7.1.Atmos-FGT.mkv,dune
Dune.2021.2160p.BluRay.REMUX.HEVC.DTS-HD.MA.TrueHD.7.1.Atmos-FGT.mkv (92458520129 bytes),dune
Dune.2021.2160p.HMAX.WEB-DL.DDP5.1.Atmos.HDR.HEVC-EVO[TGx],dune
Dune.2021.2160p.HMAX.WEB-DL.DDP5.1.Atmos.HDR.HEVC-EVO.mkv (21819933305 bytes),dune
Dune.2021.2160p.HMAX.WEB-DL.x265.10bit.HDR.DDP5.1.Atmos-CM,dune
Dune.2021.2160p.HMAX.WEB-DL.DDP5.1.Atmos.HDR.HEVC-CM.mkv (21820144199 bytes),dune
Dune.Part.Two.2024.1080p.WEB-DL.DDP2.0.H264-AOC,dune part two
Dune.Part.Two.2024.1080p.WEB-DL.DDP2.0.H264-AOC.mkv (7393273992 bytes),dune part two
Dune.Part.Two.2024.1080p.WEB-DL.DDP2.0.H264-AOC.mkv,dune part two
Dune.Part.Two.2024.1080p.WEB-DL.DDP2.0.H264-AOC.mkv (7393273992 bytes),dune part two
EXmas.2023.720p.WEBRip.800MB.x264-GalaxyRG[TGx],exmas
EXmas.2023.720p.WEBRip.800MB.x264-GalaxyRG.mkv (835789539 bytes),exmas
Elvis 2022 1080p REPACK WEB-DL DUAL 5.1,elvis
Elvis 2022 1080p WEB-DL DUAL 5.1.mkv (3714378371 bytes),elvis
Trailer.mp4 (65685451 bytes),Trailer
Five.Nights.at.Freddys.2023.1080p.WEB.H264-HUZZAH[TGx],Five.Nights.at.Freddys
five.nights.at.freddys.2023.1080p.web.h264-huzzah.mkv (6528992775 bytes),Five.Nights.at.Freddys
Game.Night.2018.2160p.WEB-DL.x265.8bit.SDR.DTS-HD.MA.5.1-SWTYBLZ,game night
Game.Night.2018.2160p.WEB-DL.x265.8bit.SDR.DTS-HD.MA.5.1-SWTYBLZ.mkv (14462831399 bytes),game night
Golmaal 3 2010 Hindi 1080p Untouched WEB-DL x264 AAC - Hon3y,golmaal
www.hon3yhd.to.mp4 (4598688360 bytes),
Harry.Potter.And.The.Sorcerers.Stone.2001.EXTENDED.1080p.BluRay.x264-SECTOR7,Harry.Potter.And.The.Sorcerers.Stone
Harry.Potter.and.the.Sorcerers.Stone.2001.2160p.UHD.BluRay.x265-TERMiNAL,Harry.Potter.and.the.Sorcerers.Stone
harry.potter.and.the.sorcerers.stone.2001.2160p.uhd.bluray.x265-terminal.mkv (23083194976 bytes),Harry.Potter.and.the.Sorcerers.Stone
harry.potter.and.the.sorcerers.stone.2001.2160p.uhd.bluray.x265-terminal.sample.mkv (136173740 bytes),Harry.Potter.and.the.Sorcerers.Stone
Her.2013.1080p.BluRay.REMUX.AVC.DTS-HD.MA.5.1-RARBG.mkv,her
Her.2013.1080p.BluRay.REMUX.AVC.DTS-HD.MA.5.1-RARBG.mkv (26262072219 bytes),her
Hera Pheri (2000) [HINDI] [1080p] [WEBRip] [YTS.MX],hera pheri
Hera.Pheri.2000.HINDI.1080p.WEBRip.x264.AAC-[YTS.MX].mp4 (2388325490 bytes),hera pheri
Hotchpotch Fun Unlimited (2006) [1080p] [WEBRip] [5.1] [YTS.MX],Hotchpotch Fun Unlimited
Hotchpotch.Fun.Unlimited.2006.1080p.WEBRip.x264.AAC5.1-[YTS.MX].mp4 (2825543359 bytes),Hotchpotch Fun Unlimited
Hungama (2003) 1080p HS WEB-DL x264 AAC2.0 - SP3LL.mkv,hungama
Hungama (2003) 1080p HS WEB-DL x264 AAC2.0 - SP3LL.mkv (2288761635 bytes),hungama
Jennifers.Body.2009.EXTENDED.1080p.BluRay.x264-HANGOVER,Jennifers.Body
Jennifers.Body.2009.EXTENDED.CUT.1080p.BluRay.x264-HANGOVER.mkv (8533206116 bytes),Jennifers.Body
Johnny.English.Strikes.Again.2018.2160p.BluRay.REMUX.HEVC.DTS-X.7.1-FGT.mkv,Johnny.English.Strikes.Again
Johnny.English.Strikes.Again.2018.2160p.BluRay.REMUX.HEVC.DTS-X.7.1-FGT.mkv (40716718980 bytes),Johnny.English.Strikes.Again
Jurassic.World.Dominion.2022.Extended.Cut.BluRay.1080p.DTS-HD.MA.7.1.AVC.REMUX-FraMeSToR.mkv,Jurassic.World.Dominion
Jurassic.World.Dominion.2022.Extended.Cut.BluRay.1080p.DTS-HD.MA.7.1.AVC.REMUX-FraMeSToR.mkv (31603150922 bytes),Jurassic.World.Dominion
K.G.F Chapter 2 2022 1080p AMZN WEB-DL DDP5.1 H.264-DesiThor.mkv,K.G.F Chapter 2
K.G.F Chapter 2 2022 1080p AMZN WEB-DL DDP5.1 H.264-DesiThor.mkv (12691940113 bytes),K.G.F Chapter 2
Lost & Found (2017) [1080p] [WEBRip] [5.1] [YTS.MX],Lost & Found
Lost.&.Found.2017.1080p.WEBRip.x264.AAC5.1-[YTS.MX].mp4 (1814311801 bytes),Lost & Found
Luck 2009 1080p AMZN WEBRip x265 Hindi DDP5.1 ESub - SP3LL,luck
Luck 2009 1080p AMZN WEBRip x265 Hindi DDP5.1 ESub - SP3LL.mkv (3778903772 bytes),luck
Madame.Web.2024.1080p.WEBRip.1400MB.DD5.1.x264-GalaxyRG[TGx],madame web
Madame.Web.2024.1080p.WEBRip.1400MB.DD5.1.x264-GalaxyRG.mkv (1506912266 bytes),madame web
Meg.2.The.Trench.2023.1080p.WEB-DL.DDP5.1.Atmos.x264-AOC,Meg.2.The.Trench
Meg.2.The.Trench.2023.1080p.WEB-DL.DDP5.1.Atmos.x264-AOC.mkv (11955156929 bytes),Meg.2.The.Trench
Milli.Vanilli.2023.1080p.WEB.h264-OPUS[TGx],Milli.Vanilli.
Milli.Vanilli.2023.1080p.WEB.h264-OPUS.mkv (7398329442 bytes),Milli.Vanilli.
Minions The Rise of Gru 2022 BluRay ReMux 1080p AVC TrueHD 7.1 DTS AC3-MgB,Minions The Rise of Gru
Minions The Rise of Gru 2022 BluRay ReMux 1080p AVC TrueHD 7.1 DTS AC3-MgB (Sample).mkv (263077125 bytes),Minions The Rise of Gru
Minions The Rise of Gru 2022 BluRay ReMux 1080p AVC TrueHD 7.1 DTS AC3-MgB.mkv (22294327228 bytes),Minions The Rise of Gru
Mission.Impossible.Dead.Reckoning.Part.One.2023.V2.HDTS.ADFREE.x264-BONSAIHOOEY[TGx],Mission.Impossible.Dead.Reckoning.Part.One
Mission.Impossible.Dead.Reckoning.Part.One.2023.V2.HDTS.ADFREE.x264-BONSAIHOOEY.mkv (1044276725 bytes),Mission.Impossible.Dead.Reckoning.Part.One
Murder.on.the.Orient.Express.2017.2160p.BluRay.x265.10bit.SDR.DTS-HD.MA.TrueHD.7.1.Atmos-SWTYBLZ,Murder.on.the.Orient.Express
Murder.on.the.Orient.Express.2017.2160p.BluRay.x265.10bit.SDR.DTS-HD.MA.TrueHD.7.1.Atmos-SWTYBLZ.mkv (36164884413 bytes),Murder.on.the.Orient.Express
Oppenheimer.2023.1080p.LM.HD-TeleSync.DUAL.DD2.0.H.264-xCLuMsYx.mkv,Oppenheimer
Oppenheimer.2023.1080p.LM.HD-TeleSync.DUAL.DD2.0.H.264-xCLuMsYx.mkv (8722388861 bytes),Oppenheimer
Phir Hera Pheri (2006) 1080p 10bit AMZN WEBRip x265 HEVC Hindi DDP 5.1 ESub ~ Immortal.mkv,Phir Hera Pheri
Phir Hera Pheri (2006) 1080p 10bit AMZN WEBRip x265 HEVC Hindi DDP 5.1 ESub ~ Immortal.mkv (5716745045 bytes),Phir Hera Pheri
Poor.Things.2023.2160p.WEB-DL.DDP5.1.Atmos.DV.HDR.H.265-FLUX[TGx],Poor.Things
Poor.Things.2023.2160p.WEB-DL.DDP5.1.Atmos.DV.HDR.H.265-FLUX.mkv (26944592434 bytes),Poor.Things
Prey.2022.BluRay.1080p.TrueHD.Atmos.7.1.AVC.HYBRID.REMUX-FraMeSToR,Prey
Prey.2022.BluRay.1080p.TrueHD.Atmos.7.1.AVC.HYBRID.REMUX-FraMeSToR.mkv (28391696883 bytes),Prey
Rockstar.(2011).1080p.BluRay.Rip.x264.DTS.HDMA.5.1.DUS-IcTv.mkv,Rockstar
Rockstar.(2011).1080p.BluRay.Rip.x264.DTS.HDMA.5.1.DUS-IcTv.mkv (16057834739 bytes),Rockstar
Sam.Bahadur.2023.Hindi.2160p.ZEE5.WEB-DL.DD+5.1.Atmos.H.265-TheBiscuitMan.mkv,Sam.Bahadur
Sam.Bahadur.2023.Hindi.2160p.ZEE5.WEB-DL.DD+5.1.Atmos.H.265-TheBiscuitMan.mkv (1998481318 bytes),Sam.Bahadur
Sid Is Dead (2023) [1080p] [WEBRip] [5.1] [YTS.MX],Sid Is Dead
Sid.Is.Dead.2023.1080p.WEBRip.x264.AAC5.1-[YTS.MX].mp4 (1782838972 bytes),Sid Is Dead
Sonic The Hedgehog 2020 BluRay 1080p TrueHD 7.1 DTS AC3 x264-MgB,Sonic The Hedgehog
Sonic The Hedgehog 2020 BluRay 1080p TrueHD 7.1 DTS AC3 x264-MgB (Sample).mkv (103881554 bytes),Sonic The Hedgehog
Sonic The Hedgehog 2020 BluRay 1080p TrueHD 7.1 DTS AC3 x264-MgB.mkv (9174041353 bytes),Sonic The Hedgehog
Spider-Man Across The Spider-Verse (2023) [2160p] [4K] [WEB] [5.1] [YTS.MX],Spider-Man Across The Spider-Verse
Spider-Man.Across.The.Spider-Verse.2023.2160p.4K.WEB.x265.10bit.AAC5.1-[YTS.MX].mkv (6715923572 bytes),Spider-Man Across The Spider-Verse
Spirited Away [2001] 1080p BDRip x265 DTS-HD MA 6.1 Kira [SEV],Spirited Away
Spirited Away [2001] 1080p BDRip x265 DTS-HD MA 6.1 Kira [SEV].mkv (22329895817 bytes),Spirited Away
Super.8.2011.1080p.BluRay.REMUX.AVC.DTS-HD.MA.TrueHD.7.1-FGT.mkv,Super.8
Super.8.2011.1080p.BluRay.REMUX.AVC.DTS-HD.MA.TrueHD.7.1-FGT.mkv (30010557306 bytes),Super.8
Teri Baaton Mein Aisa Uljha Jiya (2024) [2160p] [4K] [WEB] [5.1] [YTS.MX],Teri Baaton Mein Aisa Uljha Jiya
Teri.Baaton.Mein.Aisa.Uljha.Jiya.2024.2160p.4K.WEB.x265.10bit.AAC5.1-[YTS.MX].mkv (6753580785 bytes),Teri Baaton Mein Aisa Uljha Jiya
The Equalizer 3 (2023) [Bluray 1080p][Esp](wolfmaax4k.com),The Equalizer 3
The Equalizer 3 (2023) [Bluray 1080p][Esp](wolfmaax4k.com).mkv (11166000368 bytes),The Equalizer 3
"The Kashmir Files (2022) - 1080p - HDRip - [Hindi + Telugu + Tamil + Kannada] - 3GB - ESub  - QRips.mkv, (2022) - 1080p - HDRip - [Hindi + Telugu + Tamil + Kannada] - 3GB - ESub  - QRips.mkv",The Kashmir Files
"The Kashmir Files (2022) - 1080p - HDRip - [Hindi + Telugu + Tamil + Kannada] - 3GB - ESub  - QRips.mkv (3311316424 bytes), (2022) - 1080p - HDRip - [Hindi + Telugu + Tamil + Kannada] - 3GB - ESub  - QRips.mkv",The Kashmir Files
"The Kashmir Files (2022) [1080p] [WEBRip] [5.1] [YTS.MX], (2022) - 1080p - HDRip - [Hindi + Telugu + Tamil + Kannada] - 3GB - ESub  - QRips.mkv","The Kashmir Files"
"The.Kashmir.Files.2022.1080p.WEBRip.x264.AAC5.1-[YTS.MX].mp4 (3242275672 bytes), (2022) - 1080p - HDRip - [Hindi + Telugu + Tamil + Kannada] - 3GB - ESub  - QRips.mkv","The.Kashmir.Files"
The Phantom of the Opera 2004 1080p Blu-ray Remux AVC TrueHD 5.1 - KRaLiMaRKo.mkv,The Phantom of the Opera,The Phantom of the Opera
The Phantom of the Opera 2004 1080p Blu-ray Remux AVC TrueHD 5.1 - KRaLiMaRKo.mkv (36429571629 bytes),The Phantom of the Opera,The Phantom of the Opera
The.Abyss.1989.Special.Edition.Open.Matte.1080p-BLUEBIRD,The.Abyss
The.Abyss.1989.Special.Edition.Open.Matte.1080p-BLUEBIRD.mkv (42910599978 bytes),The.Abyss
The.Equalizer.3.2023.1080p.WEBRip.1400MB.DD5.1.x264-GalaxyRG[TGx],The.Equalizer
The.Equalizer.3.2023.1080p.WEBRip.1400MB.DD5.1.x264-GalaxyRG.mkv (1508409626 bytes),The.Equalizer
The.Marvels.2023.2160p.Dolby.Vision.HDR10.PLUS.ENG.LATINO.DDP5.1.Atmos.DV.x265.MKV-BEN.THE.MEN,The.Marvels
The.Marvels.2023.2160p.Dolby.Vision.HDR10.PLUS.ENG.LATINO.DDP5.1.Atmos.DV.x265.MKV-BEN.THE.MEN.mkv (20417596806 bytes),The.Marvels
The.Super.Mario.Bros.Movie.2023.REPACK.1080p.10bit.WEBRip.6CH.x265.HEVC-PSA,The.Super.Mario.Bros.Movie
The.Super.Mario.Bros.Movie.2023.REPACK.1080p.10bit.WEBRip.6CH.x265.HEVC-PSA.mkv (1648860752 bytes),The.Super.Mario.Bros.Movie
V.for.Vendetta.2005.2160p.BluRay.3999MB.DDP5.1.x264-GalaxyRG[TGx],V.for.Vendetta
V.for.Vendetta.2005.2160p.BluRay.3999MB.DDP5.1.x264-GalaxyRG.mkv (5623496390 bytes),V.for.Vendetta
Wedding Daze (2006) [1080p] [BluRay] [5.1] [YTS.MX],Wedding Daze
Wedding.Daze.2006.1080p.BluRay.x264.AAC5.1-[YTS.MX].mp4 (1737221630 bytes),Wedding Daze
Wedding Daze 2006 720p BRRip x264-MgB.mp4,Wedding Daze
Wedding Daze 2006 720p BRRip x264-MgB.mp4 (1823342248 bytes),Wedding Daze
[ OxTorrent.cc ] V.for.Vendetta.2005.2160p.UHD.BLURAY.REMUX.HDR.HEVC.MULTI.VFF.AC3.x265-EXTREME.mkv,V.for.Vendetta
[ OxTorrent.cc ] V.for.Vendetta.2005.2160p.UHD.BLURAY.REMUX.HDR.HEVC.MULTI.VFF.AC3.x265-EXTREME.mkv (70019590926 bytes),V.for.Vendetta
[TorrentCounter.to].Tumbbad.2018.Hindi.1080p.WEB-DL.x264.[1.5GB].[MP4],Tumbbad
[TorrentCounter.to].Tumbbad.2018.Hindi.1080p.WEB-DL.x264.[1.5GB].mp4 (1629618027 bytes),Tumbbad
jawan (2023) Hindi 1080p HDTS V2 [No LOGO] x264 AAC 2.5GB [MoviesBeast].mkv,jawan
jawan (2023) Hindi 1080p HDTS V2 [No LOGO] x264 AAC 2.5GB [MoviesBeast].mkv (2709996777 bytes),jawan
